[
  {
     "id":"1",
     "userID":"9b09b087-cf40-41f4-a375-8dc75843a8d1",
     "status":"NEW",
     "createdAt":"2022-04-16T18:56:21.890Z",
     "updatedAt":"2022-04-16T18:56:21.890Z",
     "orderRestaurantId":"7d7965f7-1b33-4b8c-9bac-0c22bc905030",
     "Restaurant":{
        "id":"7d7965f7-1b33-4b8c-9bac-0c22bc905030",
        "name":"El Cabo Coffe Bar Tres De Mayo",
        "image":"https://notjustdev-dummy.s3.us-east-2.amazonaws.com/uber-eats/restaurant1.jpeg",
        "deliveryFee":0.039448871531492236,
        "minDeliveryTime":10,
        "maxDeliveryTime":44,
        "rating":1.5095123177204128,
        "address":"983 Lewis Rapids",
        "lat":46.87190499528364,
        "lng":28.54937769418778,
        "createdAt":"2022-04-16T12:03:33.225Z",
        "updatedAt":"2022-04-16T12:05:12.826Z",
     }
  },
  {
     "id":"2",
     "userID":"9b09b087-cf40-41f4-a375-8dc75843a8d1",
     "status":"NEW",
     "createdAt":"2022-04-16T18:53:32.261Z",
     "updatedAt":"2022-04-16T18:53:32.261Z",
     "orderRestaurantId":"7d7965f7-1b33-4b8c-9bac-0c22bc905030",
     "Restaurant":{
        "id":"7d7965f7-1b33-4b8c-9bac-0c22bc905030",
        "name":"Jacobs - DuBuque",
        "image":"https://notjustdev-dummy.s3.us-east-2.amazonaws.com/uber-eats/restaurant1.jpeg",
        "deliveryFee":0.039448871531492236,
        "minDeliveryTime":10,
        "maxDeliveryTime":44,
        "rating":1.5095123177204128,
        "address":"983 Lewis Rapids",
        "lat":46.87190499528364,
        "lng":28.54937769418778,
        "createdAt":"2022-04-16T12:03:33.225Z",
        "updatedAt":"2022-04-16T12:05:12.826Z",
     }
  },
  {
     "id":"3",
     "userID":"9b09b087-cf40-41f4-a375-8dc75843a8d1",
     "status":"NEW",
     "createdAt":"2022-04-16T18:56:49.713Z",
     "updatedAt":"2022-04-16T18:56:49.713Z",
     "orderRestaurantId":"7d7965f7-1b33-4b8c-9bac-0c22bc905030",
     "_version":1,
     "_lastChangedAt":1650135409734,
     "_deleted":null,
     "Restaurant":{
        "id":"7d7965f7-1b33-4b8c-9bac-0c22bc905030",
        "name":"Jacobs - DuBuque",
        "image":"https://notjustdev-dummy.s3.us-east-2.amazonaws.com/uber-eats/restaurant1.jpeg",
        "deliveryFee":0.039448871531492236,
        "minDeliveryTime":10,
        "maxDeliveryTime":44,
        "rating":1.5095123177204128,
        "address":"983 Lewis Rapids",
        "lat":46.87190499528364,
        "lng":28.54937769418778,
        "createdAt":"2022-04-16T12:03:33.225Z",
        "updatedAt":"2022-04-16T12:05:12.826Z",
     }
  }
]