[{
  "id": "1",
  "name": "El Cabo Coffe Bar Tres De Mayo",
  "deliveryFee": 1.40,
  "minDeliveryTime": 25,
  "maxDeliveryTime": 35,
  "rating": 4.0,
  "image": "https://notjustdev-dummy.s3.us-east-2.amazonaws.com/uber-eats/restaurant1.jpeg",
  "dishes": [
    {
      "name": "Cheese Tequeños",
      "description": "6 pieces of chese with sauce.",
      "price": 6.90,
      "image": "https://notjustdev-dummy.s3.us-east-2.amazonaws.com/uber-eats/restaurant2.jpeg",
    },
    {
      "name": "Hamburger La Super Cabo Burger",
      "description": "Double meat, gouda cheese, cheddar cheese, cooked ham, bacon, egg, salad and rustic potatoes.",
      "price": 8.90,
      "image": "https://notjustdev-dummy.s3.us-east-2.amazonaws.com/uber-eats/restaurant3.jpeg"
    },
    {
      "name": "U.S.A. Burger",
      "description": "Beef, gouda cheese, cheddar cheese, cooked ham, bacon, egg and salad.",
      "price": 5.40
    },
    {
      "name": "Slices of Llanero Cheese",
      "description": "Ripe plantain with cheese and palm honey.",
      "price": 5.90
    },
    {
      "name": "Papas Locas El Cabo",
      "description": "French fries with shredded chicken, gouda cheese and ham.",
      "price": 7.90
    }
  ]
}, {
  "id": "2",
  "name": "Tony Roma's - C.C. Meridiano",
  "deliveryFee": 0.40,
  "minDeliveryTime": 25,
  "maxDeliveryTime": 35,
  "rating": 4.7,
  "image": "https://notjustdev-dummy.s3.us-east-2.amazonaws.com/uber-eats/restaurant2.jpeg",
  "dishes": [
    {
      "name": "Cajun Ribs",
      "description": "For lovers of a spicy touch. Ribs bathed in our Original sauce accompanied by Cajun spices. Served with French fries and coleslaw.",
      "price": 18.95
    },
    {
      "name": "The Original Baby Backs",
      "description": "The house specialty. Pork ribs cooked on the barbecue and marinated with our original barbecue sauce. Served with French fries and coleslaw.",
      "price": 19.95
    },
    {
      "name": "Carolina Honey",
      "description": "Our famous ribs marinated with our Carolina honey sauce, a mixture of honey with our original sauce. Ideal for those looking for a sweet touch. Served with French fries and coleslaw.",
      "price": 18.95,
      "image": "https://notjustdev-dummy.s3.us-east-2.amazonaws.com/uber-eats/restaurant2.jpeg",
    },
    {
      "name": "Onion Rings",
      "description": "Los tradicionales aros de cebolla de tony roma´s dorados, crujientes y ligeros. Únicos en el mundo, acompañados de salsa BBQ.",
      "price": 6.95
    },
    {
      "name": "Nachos Tony Roma's",
      "description": "The best selling nachos! with our blend of melted cheeses, accompanied by guacamole, crispy bacon, ranch beans, and sour cream.",
      "price": 10.95
    }
  ]
}, {
  "id": "3",
  "name": "Brothers Barbecue",
  "deliveryFee": 1.40,
  "minDeliveryTime": 20,
  "maxDeliveryTime": 30,
  "rating": 4.3,
  "image": "https://notjustdev-dummy.s3.us-east-2.amazonaws.com/uber-eats/restaurant3.jpeg",
  "dishes": [
    {
      "name": "Burger Mustang",
      "description": "Homemade bread, burger sauce, lettuce, sweet and sour pickle, bacon, cheddar and BBQ sauce. Beef 180 grams.",
      "price": 5.90     
    },
    {
      "name": "Alabama bread",
      "description": "Artisan bread, butter sauce, garlic, BBQ chicken and cheddar.",
      "price": 3.00   
    },
    {
      "name": "New York Burger",
      "description": "Homemade bread, lettuce, burger sauce, 180 grams of beef, goat cheese and roasted apple.",
      "price": 5.90     
    },
    {
      "name": "Mac & Cheese Burger",
      "description": "Homemade bread, lettuce, burger sauce, 180 grams of beef, mac and cheese, and American-style bacon.",
      "price": 5.90     
    },
    {
      "name": "Nachos Brothers",
      "description": "Nachos, guacamole, cheddar sauce, beans, bacon, and cream cheese.",
      "price": 5.20     
    }
  ]
}, {
  "id": "4",
  "name": "Hamburguesa Nostra La Salle",
  "deliveryFee": 0.90,
  "minDeliveryTime": 30,
  "maxDeliveryTime": 40,
  "rating": 4.5,
  "image": "https://notjustdev-dummy.s3.us-east-2.amazonaws.com/uber-eats/restaurant4.jpeg",
  "dishes": [
    {
      "name": "English burger",
      "description": "Beef with bacon, portobello mushrooms, tomato, cheddar cheese, grilled egg and our smoked sauce.",
      "price": 14.90     
    },
    {
      "name": "Mexican Burger",
      "description": "Beef, with pico de gallo, veggie chili, cheddar cheese, guacamole and smoked sauce.",
      "price": 14.90     
    },
    {
      "name": "Tequeños",
      "description": "Crispy sticks filled with melted cheese accompanied by tomato chutney.",
      "price": 9.90    
    },
    {
      "name": "Starters Combo",
      "description": "Tequeños, crispy onion and chicken delicacies.",
      "price": 13.90    
    },
    {
      "name": "Cesar Salad",
      "description": "Green sprouts, pieces of grilled bacon, chicken delicacies, grated Parmesan, muffin croutons and fried onion confetti dressed with Caesar sauce.",
      "price": 10.50     
    }
  ]
}]